bunit,category,email,endDate,first,identity,identity_id,identity_tag,key,last,managedBy,nick,phone,phone2,prefix,priority,startDate,suffix,watchlist,work_city,work_country,work_lat,work_long,__mv_category,__mv_identity,__mv_identity_tag,__mv_key
,"default
privileged",,,,3comcso,7c006ad9c18ffcb6a989d507c176eaef6fb2bb10,"default
privileged",3comcso,,,,,,,,,,false,,,,,$default$;$privileged$,,$default$;$privileged$,
,"default
privileged",,,,adfexc,404cc36737c00e68441dc37b07e62dffd69213ae,"default
privileged",adfexc,,,,,,,,,,false,,,,,$default$;$privileged$,,$default$;$privileged$,
,"default
privileged",,,,adm,42ef63e7836ef622d9185c1a456051edf16095cc,"default
privileged",adm,,,,,,,,,,false,,,,,$default$;$privileged$,,$default$;$privileged$,
,"default
privileged",,,,"admin
administrator",4ad56b1faebcc42e3df4bcb5d810870ef5cb7081,"default
privileged","admin
administrator",,,,,,,,,,false,,,,,$default$;$privileged$,$admin$;$administrator$,$default$;$privileged$,$admin$;$administrator$
,"default
privileged",,,,anonymous,0a92fab3230134cca6eadd9898325b9b2ae67998,"default
privileged",anonymous,,,,,,,,,,false,,,,,$default$;$privileged$,,$default$;$privileged$,
,"default
privileged",,,,adminuser,6f372c90822f7de721f3e6edc42653a746e81d90,"default
privileged",adminuser,,,,,,,,,,false,,,,,$default$;$privileged$,,$default$;$privileged$,
,"default
privileged",,,,advmail,e2af2840555c5e6f390eff4923b16ff5e8b601bd,"default
privileged",advmail,,,,,,,,,,false,,,,,$default$;$privileged$,,$default$;$privileged$,
,"default
privileged",,,,bciim,f4a6b2462b06c00437a2d8b80ffb1c9c0b9f360f,"default
privileged",bciim,,,,,,,,,,false,,,,,$default$;$privileged$,,$default$;$privileged$,
,"default
privileged",,,,bcms,951f6c75e2cf5ef1a6a78346a21d8eacdba5f372,"default
privileged",bcms,,,,,,,,,,false,,,,,$default$;$privileged$,,$default$;$privileged$,
,"default
privileged",,,,browse,0f6a24fa439e992bc7919aa2d949c05077899adc,"default
privileged",browse,,,,,,,,,,false,,,,,$default$;$privileged$,,$default$;$privileged$,
,"default
privileged",,,,cisco,7af78c911d5b48bea1dc2449d9d89513abeb4be5,"default
privileged",cisco,,,,,,,,,,false,,,,,$default$;$privileged$,,$default$;$privileged$,
,"default
privileged",,,,cusadmin,8f198fad85c1ade2c1fa575158726672d789eeea,"default
privileged",cusadmin,,,,,,,,,,false,,,,,$default$;$privileged$,,$default$;$privileged$,
,"default
privileged",,,,cust,4e72d9caec529c5cadf0a9dd5d3799831ce631f6,"default
privileged",cust,,,,,,,,,,false,,,,,$default$;$privileged$,,$default$;$privileged$,
,"default
privileged",,,,deskalt,53bf2d7819647033085ccc6324d8c579ebdabb47,"default
privileged",deskalt,,,,,,,,,,false,,,,,$default$;$privileged$,,$default$;$privileged$,
,"default
privileged",,,,oracle,431364b6450fc47ccdbf6a2205dfdb1baeb79412,"default
privileged",oracle,,,,,,,,,,false,,,,,$default$;$privileged$,,$default$;$privileged$,
,"default
privileged",,,,dhs3mt,60847cc0923894cf383b49dc9c06b4e9276da3b0,"default
privileged",dhs3mt,,,,,,,,,,false,,,,,$default$;$privileged$,,$default$;$privileged$,
,"default
privileged",,,,ftp_oper,daa19bba71b8aeb62773e0064860e1b1d5205259,"default
privileged",ftp_oper,,,,,,,,,,false,,,,,$default$;$privileged$,,$default$;$privileged$,
,"default
privileged",,,,gearguy,5c4849439ad2d19e2ee637ecdbdb01f8696712b9,"default
privileged",gearguy,,,,,,,,,,false,,,,,$default$;$privileged$,,$default$;$privileged$,
,"default
privileged",,,,globaladmin,7079dc79312fd341310d4d791c0a7f1a534eafa5,"default
privileged",globaladmin,,,,,,,,,,false,,,,,$default$;$privileged$,,$default$;$privileged$,
,"default
privileged",,,,guest,35675e68f4b5af7b995d9205ad0fc43842f16450,"default
privileged",guest,,,,,,,,,,false,,,,,$default$;$privileged$,,$default$;$privileged$,
,"default
privileged",,,,halt,c4bb896961f2dfd5f739d87783887e08f07bb4d6,"default
privileged",halt,,,,,,,,,,false,,,,,$default$;$privileged$,,$default$;$privileged$,
,"default
privileged",,,,hello,aaf4c61ddcc5e8a2dabede0f3b482cd9aea9434d,"default
privileged",hello,,,,,,,,,,false,,,,,$default$;$privileged$,,$default$;$privileged$,
,"default
privileged",,,,hscroot,f1682b6a305642c6a5d819b696220b767b2059a3,"default
privileged",hscroot,,,,,,,,,,false,,,,,$default$;$privileged$,,$default$;$privileged$,
,"default
privileged",,,,intrastack,43a4cf25f755da297e6cd4ff766f49a48a479c62,"default
privileged",intrastack,,,,,,,,,,false,,,,,$default$;$privileged$,,$default$;$privileged$,
,default,,,,local service,e2433ce0dd7fd8e1087eaebd1dfd70c3f987eb96,default,local service,,,,,,,,,,false,,,,,,,,
,"default
privileged",,,,m1122,db70a20f403dad43acbcdc0290862079d7300f7e,"default
privileged",m1122,,,,,,,,,,false,,,,,$default$;$privileged$,,$default$;$privileged$,
,"default
privileged",,,,maintainer,86416ef3eeb4cc907ebcd12c0305511b4cfc5474,"default
privileged",maintainer,,,,,,,,,,false,,,,,$default$;$privileged$,,$default$;$privileged$,
,"default
privileged",,,,md110,af7876fd0d274701971979c0f1263f6806c8a27f,"default
privileged",md110,,,,,,,,,,false,,,,,$default$;$privileged$,,$default$;$privileged$,
,"default
privileged",,,,mgr,5bfcfbe428cce428952787978643f2a5993438aa,"default
privileged",mgr,,,,,,,,,,false,,,,,$default$;$privileged$,,$default$;$privileged$,
,"default
privileged",,,,monitor,9796809f7dae482d3123c16585f2b60f97407796,"default
privileged",monitor,,,,,,,,,,false,,,,,$default$;$privileged$,,$default$;$privileged$,
,"default
privileged",,,,mtcl,3a5a5e2dd95c6b30b1559d2c5c935f358b5b575e,"default
privileged",mtcl,,,,,,,,,,false,,,,,$default$;$privileged$,,$default$;$privileged$,
,default,,,,network service,6a2a9203103b3799bfa9e440e6e165690501425f,default,network service,,,,,,,,,,false,,,,,,,,
,"default
privileged",,,,pmd,c81269ae161552203480cf6b9792002c0e728622,"default
privileged",pmd,,,,,,,,,,false,,,,,$default$;$privileged$,,$default$;$privileged$,
,"default
privileged",,,,public,61c9b2b17db77a27841bbeeabff923448b0f6388,"default
privileged",public,,,,,,,,,,false,,,,,$default$;$privileged$,,$default$;$privileged$,
,"default
privileged",,,,private,e80721793c24ae14edfca9b26ad406a9815cd3ff,"default
privileged",private,,,,,,,,,,false,,,,,$default$;$privileged$,,$default$;$privileged$,
,"default
privileged",,,,readonly,9a27718297218c3757c365d357d13f49d0fa3065,"default
privileged",readonly,,,,,,,,,,false,,,,,$default$;$privileged$,,$default$;$privileged$,
,"default
privileged",,,,recovery,8b60e9d739b5a5bfd87cbfe67501ab4fa6e41504,"default
privileged",recovery,,,,,,,,,,false,,,,,$default$;$privileged$,,$default$;$privileged$,
,"default
privileged",,,,root,dc76e9f0c0006e8f919e0c515c66dbba3982f785,"default
privileged",root,,,,,,,,,,false,,,,,$default$;$privileged$,,$default$;$privileged$,
,"default
privileged",,,,toor,435b41068e8665513a20070c033b08b9c66e4332,"default
privileged",toor,,,,,,,,,,false,,,,,$default$;$privileged$,,$default$;$privileged$,
,"default
privileged",,,,rsbcmon,0a51c4a57bcd3cd6edeec70cb5a4967478092f91,"default
privileged",rsbcmon,,,,,,,,,,false,,,,,$default$;$privileged$,,$default$;$privileged$,
,"default
privileged",,,,spoolman,f6d531fd1e971de349f57230e2eac189321d6dca,"default
privileged",spoolman,,,,,,,,,,false,,,,,$default$;$privileged$,,$default$;$privileged$,
,"default
privileged",,,,superadmin,889a3a791b3875cfae413574b53da4bb8a90d53e,"default
privileged",superadmin,,,,,,,,,,false,,,,,$default$;$privileged$,,$default$;$privileged$,
,"default
privileged",,,,supervisor,0f4d09e43d208d5e9222322fbc7091ceea1a78c3,"default
privileged",supervisor,,,,,,,,,,false,,,,,$default$;$privileged$,,$default$;$privileged$,
,"default
privileged",,,,sysadm,fc6783b3cabd4c09ac7a7da84529f783c0e11eb2,"default
privileged",sysadm,,,,,,,,,,false,,,,,$default$;$privileged$,,$default$;$privileged$,
,"default
privileged",,,,system,317f1e761f2faa8da781a4762b9dcc2c5cad209a,"default
privileged",system,,,,,,,,,,false,,,,,$default$;$privileged$,,$default$;$privileged$,
,"default
privileged",,,,system/manager,70206cdac4f8b15fb3b8508f2285007cf60d3a68,"default
privileged",system/manager,,,,,,,,,,false,,,,,$default$;$privileged$,,$default$;$privileged$,
,"default
privileged",,,,tech,c95ee47689a0aaec70c3eb950244657722c69b1f,"default
privileged",tech,,,,,,,,,,false,,,,,$default$;$privileged$,,$default$;$privileged$,
,"default
privileged",,,,technician,55d25800fb82ba29a267c932300aaa8a19767b75,"default
privileged",technician,,,,,,,,,,false,,,,,$default$;$privileged$,,$default$;$privileged$,
,"default
privileged",,,,userid,41ae991308a4fc90e0d39520e1e9bf81c8029e8e,"default
privileged",userid,,,,,,,,,,false,,,,,$default$;$privileged$,,$default$;$privileged$,
,"default
privileged",,,,vt100,4c3abaee7fd2b2e5de43fd44ecafd69a39d32c3f,"default
privileged",vt100,,,,,,,,,,false,,,,,$default$;$privileged$,,$default$;$privileged$,
,"default
privileged",,,,websecadm,020a2df7f20282834094f79dc26798042be42ab9,"default
privileged",websecadm,,,,,,,,,,false,,,,,$default$;$privileged$,,$default$;$privileged$,
,"default
privileged",,,,wlseuser,7cc7ede037c18d63f1290bd6d07b8190aab95314,"default
privileged",wlseuser,,,,,,,,,,false,,,,,$default$;$privileged$,,$default$;$privileged$,
,"default
privileged",,,,wp,c77da256bcb78fe5b523000c6f95bec2563677d7,"default
privileged",wp,,,,,,,,,,false,,,,,$default$;$privileged$,,$default$;$privileged$,
americas,,mawe@acmetech.com,,Martin,"mawe@acmetech.com
mawe",465e0da922b0ba14841cc6b5cf221c88318bc9f1,americas,"mawe@acmetech.com
mawe",Awe,,,+1 (800)555-1562,+1 (800)555-3327,Mr.,critical,5/1/2003 0:17,,false,San Jose,USA,37.3382N,121.8863W,,$mawe@acmetech.com$;$mawe$,,$mawe@acmetech.com$;$mawe$
americas,contractor,rmajcher@acmetech.com,,Ranee,"rmajcher@acmetech.com
rmajcher",691000967dcb7625ad5f8eca09b29baa37676ba1,"contractor
americas","rmajcher@acmetech.com
rmajcher",Majcher,,Nene,+1 (800)555-8762,+1 (800)555-8549,,,9/15/96 1:55,,false,San Jose,USA,37.3382N,121.8863W,,$rmajcher@acmetech.com$;$rmajcher$,$contractor$;$americas$,$rmajcher@acmetech.com$;$rmajcher$
americas,,ejennifer@acmetech.com,,Elouise,"ejennifer@acmetech.com
ejennifer",440b54ff4cfec1e471faabb2767c62e361624df2,americas,"ejennifer@acmetech.com
ejennifer",Jennifer,,,+1 (800)555-7388,+1 (800)555-2669,Ms.,,132388260,,false,San Jose,USA,37.3382N,121.8863W,,$ejennifer@acmetech.com$;$ejennifer$,,$ejennifer@acmetech.com$;$ejennifer$
americas,,lkerst@acmetech.com,,Larisa,"lkerst@acmetech.com
lkerst",7d27be3fe0e04a09340d12d90251a208221c3b3d,americas,"lkerst@acmetech.com
lkerst",Kerst,pepper,,+1 (800)555-4897,+1 (800)555-4311,Mrs.,low,12/12/2004 17:31,,false,San Jose,USA,37.3382N,121.8863W,,$lkerst@acmetech.com$;$lkerst$,,$lkerst@acmetech.com$;$lkerst$
americas,pci,mpickle@acmetech.com,,Miki,"mpickle@acmetech.com
mpickle",afa0e4ad8cc787d2ae586c74e497f3cad66c8f75,"pci
americas","mpickle@acmetech.com
mpickle",Pickle,,,+1 (800)555-5501,+1 (800)555-7321,Miss,medium,8/29/99 2:51,,false,San Jose,USA,37.3382N,121.8863W,,$mpickle@acmetech.com$;$mpickle$,$pci$;$americas$,$mpickle@acmetech.com$;$mpickle$
americas,,aseykoski@acmetech.com,1215892140,Allen,"pepper
a.koski
aseykoski@acmetech.com
aseykoski",f0400da71dfd52cb225a8393f7c48fbfd515b4ac,"watchlist
americas","pepper
a.koski
aseykoski@acmetech.com
aseykoski",Seykoski,,Al,+1 (800)555-2111,+1 (800)555-9996,Dr.,high,1058023800,,true,San Francisco,USA,37.78N,122.41W,,$pepper$;$a.koski$;$aseykoski@acmetech.com$;$aseykoski$,$watchlist$;$americas$,$pepper$;$a.koski$;$aseykoski@acmetech.com$;$aseykoski$
americas,,rmckittrick@acmetech.com,,Renda,"rmckittrick@acmetech.com
rmckittrick",5b17af2979415c9ddb9e7d71d4a29294f5e13116,americas,"rmckittrick@acmetech.com
rmckittrick",Mckittrick,,,+1 (800)555-8072,+1 (800)555-2031,,critical,10/28/1983 0:27,,false,San Francisco,USA,37.78N,122.41W,,$rmckittrick@acmetech.com$;$rmckittrick$,,$rmckittrick@acmetech.com$;$rmckittrick$
americas,intern,kwilletts@acmetech.com,,Katharine,"kwilletts@acmetech.com
kwilletts",883cb87ff1f8e9a22ecacfa39511cf26ccc17d2a,"intern
americas","kwilletts@acmetech.com
kwilletts",Willetts,,,+1 (800)555-7596,+1 (800)555-4546,Ms.,,2/13/77 23:14,,false,San Francisco,USA,37.78N,122.41W,,$kwilletts@acmetech.com$;$kwilletts$,$intern$;$americas$,$kwilletts@acmetech.com$;$kwilletts$
americas,,glargin@acmetech.com,,Germaine,"glargin@acmetech.com
glargin",b140aedde87b5cdc2b31095d26fdf390c719537f,americas,"glargin@acmetech.com
glargin",Largin,,,+1 (800)555-3243,+1 (800)555-6764,Mrs.,,377537400,,false,San Francisco,USA,37.78N,122.41W,,$glargin@acmetech.com$;$glargin$,,$glargin@acmetech.com$;$glargin$
americas,,raceuedo@acmetech.com,,Roma,"raceuedo@acmetech.com
raceuedo",0b332548f4dae8af94a0a5c41b9786c91884d308,"watchlist
americas","raceuedo@acmetech.com
raceuedo",Aceuedo,,,+1 (800)555-1052,+1 (800)555-6529,Miss,low,5/12/1988 19:55,,true,San Francisco,USA,37.78N,122.41W,,$raceuedo@acmetech.com$;$raceuedo$,$watchlist$;$americas$,$raceuedo@acmetech.com$;$raceuedo$
americas,,ljournot@acmetech.com,3/8/01 6:21,Latoyia,"money
journot
ljournot@acmetech.com
ljournot",a9d0ff0b56f313897885a32352b5cd376eb30545,americas,"money
journot
ljournot@acmetech.com
ljournot",Journot,,,+1 (800)555-3479,+1 (800)555-1554,Dr.,medium,3/2/88 2:39,,false,San Francisco,USA,37.78N,122.41W,,$money$;$journot$;$ljournot@acmetech.com$;$ljournot$,,$money$;$journot$;$ljournot@acmetech.com$;$ljournot$
americas,"pci
cardholder",ewhitmoyer@acmetech.com,,Elissa,"ewhitmoyer@acmetech.com
ewhitmoyer",759b6346908f668053e3a8c3a0abff538019fe03,"pci
cardholder
americas","ewhitmoyer@acmetech.com
ewhitmoyer",Whitmoyer,,,+1 (800)555-9812,+1 (800)555-7122,,high,342707520,,false,San Francisco,USA,37.78N,122.41W,$pci$;$cardholder$,$ewhitmoyer@acmetech.com$;$ewhitmoyer$,$pci$;$cardholder$;$americas$,$ewhitmoyer@acmetech.com$;$ewhitmoyer$
americas,"officer
pip",rcloward@acmetech.com,,Raylene,"rcloward@acmetech.com
rcloward",42bc1365e4f05585dcc6a967f3caf3b6bbb0bef4,"officer
pip
americas","rcloward@acmetech.com
rcloward",Cloward,money,,+1 (800)555-9908,+1 (800)555-5055,Ms.,critical,12/23/1994 16:10,,false,San Francisco,USA,37.78N,122.41W,$officer$;$pip$,$rcloward@acmetech.com$;$rcloward$,$officer$;$pip$;$americas$,$rcloward@acmetech.com$;$rcloward$
americas,,khorstman@acmetech.com,,Keena,"khorstman@acmetech.com
khorstman",bed218f67b7ecaa6a2e1273e1c39a4bacf16b90b,americas,"khorstman@acmetech.com
khorstman",Horstman,,,+1 (800)555-4711,+1 (800)555-9586,Mrs.,,1/8/88 23:06,,false,San Francisco,USA,37.78N,122.41W,,$khorstman@acmetech.com$;$khorstman$,,$khorstman@acmetech.com$;$khorstman$
americas,contractor,eberdan@acmetech.com,,Edwina,"eberdan@acmetech.com
eberdan",6c5175e6429f5b271e34dd8e1862edf127758c92,"contractor
americas","eberdan@acmetech.com
eberdan",Berdan,,Turtle,+1 (800)555-2243,+1 (800)555-7697,Miss,,1208450280,,false,San Francisco,USA,37.78N,122.41W,,$eberdan@acmetech.com$;$eberdan$,$contractor$;$americas$,$eberdan@acmetech.com$;$eberdan$
americas,,kfloe@acmetech.com,2/7/2002 10:43,Karey,"lurker
kfloe@acmetech.com
kfloe",40dc2be278ea3c2e0955d6c2cabc07b38d3de107,americas,"lurker
kfloe@acmetech.com
kfloe",Floe,,,+1 (800)555-1167,+1 (800)555-9058,Dr.,low,2/7/1972 16:54,,false,San Jose,USA,37.3382N,121.8863W,,$lurker$;$kfloe@acmetech.com$;$kfloe$,,$lurker$;$kfloe@acmetech.com$;$kfloe$
americas,,minfield@acmetech.com,,Manie,"minfield@acmetech.com
minfield",1c3e3a7aa49cef043739bafeeb05b647107e8f5c,americas,"minfield@acmetech.com
minfield",Infield,,,+1 (800)555-6705,+1 (800)555-1910,,medium,4/11/81 12:43,,false,San Jose,USA,37.3382N,121.8863W,,$minfield@acmetech.com$;$minfield$,,$minfield@acmetech.com$;$minfield$
americas,pip,lborkoski@acmetech.com,,Lashunda,"lborkoski@acmetech.com
lborkoski",ac6710c97b302463404339f4bf0cfcffd30c8058,"pip
americas","lborkoski@acmetech.com
lborkoski",Borkoski,money,,+1 (800)555-6310,+1 (800)555-3184,Ms.,high,585282060,,false,San Jose,USA,37.3382N,121.8863W,,$lborkoski@acmetech.com$;$lborkoski$,$pip$;$americas$,$lborkoski@acmetech.com$;$lborkoski$
americas,,mgrieves@acmetech.com,,Martin,"mgrieves@acmetech.com
mgrieves",dd33a42e08d7768375cc6229990447df9a0c2d03,americas,"mgrieves@acmetech.com
mgrieves",Grieves,,Marty,+1 (800)555-3560,+1 (800)555-3777,Mrs.,critical,7/7/2003 0:17,,false,San Jose,USA,37.3382N,121.8863W,,$mgrieves@acmetech.com$;$mgrieves$,,$mgrieves@acmetech.com$;$mgrieves$
americas,,cpiening@acmetech.com,,Cathi,"cpiening@acmetech.com
cpiening",661c5f5def634e449665d66bf47899bf6deae5f9,americas,"cpiening@acmetech.com
cpiening",Piening,,,+1 (800)555-4219,+1 (800)555-1444,Miss,,6/28/71 1:42,,false,San Jose,USA,37.3382N,121.8863W,,$cpiening@acmetech.com$;$cpiening$,,$cpiening@acmetech.com$;$cpiening$
americas,,sshouts@acmetech.com,,Sena,"goose
senashouts
sshouts@acmetech.com
sshouts",12801aeaf6f4a5835ce71af06770a8c60e82817c,americas,"goose
senashouts
sshouts@acmetech.com
sshouts",Shouts,,,+1 (800)555-6233,+1 (800)555-9152,Dr.,,281538060,,false,San Jose,USA,37.3382N,121.8863W,,$goose$;$senashouts$;$sshouts@acmetech.com$;$sshouts$,,$goose$;$senashouts$;$sshouts@acmetech.com$;$sshouts$
americas,intern,atrisler@acmetech.com,,Afton,"atrisler@acmetech.com
atrisler",b6ed4dce34576557cc1e92f5dbf482f32de18ebc,"intern
americas","atrisler@acmetech.com
atrisler",Trisler,,,+1 (800)555-8924,+1 (800)555-2267,,low,10/20/1996 16:04,,false,San Jose,USA,37.3382N,121.8863W,,$atrisler@acmetech.com$;$atrisler$,$intern$;$americas$,$atrisler@acmetech.com$;$atrisler$
americas,,cargento@acmetech.com,7/25/83 1:03,Consuela,"cargento@acmetech.com
cargento",0b472d6be66d16081dcd05d6b84682db93d43daf,americas,"cargento@acmetech.com
cargento",Argento,,,+1 (800)555-5699,+1 (800)555-9399,Ms.,medium,10/2/75 16:55,,false,Istanbul,Turkey,41.0136N,28.9550E,,$cargento@acmetech.com$;$cargento$,,$cargento@acmetech.com$;$cargento$
americas,,capela@acmetech.com,,Chloe,"capela@acmetech.com
capela",7c4bc46e52a7738b7c028a00296778a0837c8cb0,americas,"capela@acmetech.com
capela",Apela,goose,,+1 (800)555-8783,+1 (800)555-9838,Mrs.,high,160425780,,false,San Jose,USA,37.3382N,121.8863W,,$capela@acmetech.com$;$capela$,,$capela@acmetech.com$;$capela$
americas,pci,sstansbury@acmetech.com,,Staci,"sstansbury@acmetech.com
sstansbury",6d46d738a729d53579aefbf334364a07ee82faaf,"pci
americas","sstansbury@acmetech.com
sstansbury",Stansbury,,,+1 (800)555-5911,+1 (800)555-9435,Miss,critical,1/26/1983 10:23,,false,San Jose,USA,37.3382N,121.8863W,,$sstansbury@acmetech.com$;$sstansbury$,$pci$;$americas$,$sstansbury@acmetech.com$;$sstansbury$
americas,,twegner@acmetech.com,,Talitha,"dude
twegner@acmetech.com
twegner",ce727fd246150095bb7eb7c6bb47295adcecdca7,americas,"dude
twegner@acmetech.com
twegner",Wegner,,,+1 (800)555-5314,+1 (800)555-6896,Dr.,,6/16/02 0:50,,false,San Jose,USA,37.3382N,121.8863W,,$dude$;$twegner@acmetech.com$;$twegner$,,$dude$;$twegner@acmetech.com$;$twegner$
americas,,nhenderosn@acmetech.com,,Nelson,"nhenderosn@acmetech.com
nhenderosn",0eaccc1a4eb4ef591b03dbe6a21bd7f185410398,americas,"nhenderosn@acmetech.com
nhenderosn",Henderosn,,,+1 (800)555-6434,+1 (800)555-7092,,,135953520,,false,San Jose,USA,37.3382N,121.8863W,,$nhenderosn@acmetech.com$;$nhenderosn$,,$nhenderosn@acmetech.com$;$nhenderosn$
americas,,msharplin@acmetech.com,,Mervin,"msharplin@acmetech.com
msharplin",88e2fa9052a4f0cdb2d62ce0cf1c109f212eef57,"watchlist
americas","msharplin@acmetech.com
msharplin",Sharplin,,,+1 (800)555-6658,+1 (800)555-9603,Mr.,low,9/23/1997 16:04,,true,San Jose,USA,37.3382N,121.8863W,,$msharplin@acmetech.com$;$msharplin$,$watchlist$;$americas$,$msharplin@acmetech.com$;$msharplin$
americas,contractor,bzeier@acmetech.com,,Brant,"bzeier@acmetech.com
bzeier",d334165f76a69604161303b5d2a505b715b74312,"contractor
americas","bzeier@acmetech.com
bzeier",Zeier,,,+1 (800)555-4426,+1 (800)555-1693,Dr.,medium,4/4/74 8:00,I,false,San Francisco,USA,37.78N,122.41W,,$bzeier@acmetech.com$;$bzeier$,$contractor$;$americas$,$bzeier@acmetech.com$;$bzeier$
americas,,hchelette@acmetech.com,,Hans,"hchelette@acmetech.com
hchelette",870a138194ec2711f1b857bcd027c45c799a5cc9,americas,"hchelette@acmetech.com
hchelette",Chelette,,,+1 (800)555-6528,+1 (800)555-5443,,high,913066920,,false,San Francisco,USA,37.78N,122.41W,,$hchelette@acmetech.com$;$hchelette$,,$hchelette@acmetech.com$;$hchelette$
americas,officer,tlietzow@acmetech.com,,Timothy,"taters
lietzow.tim
tlietzow@acmetech.com
tlietzow",15699b59f9a4e1cc5a9c3bb1a51715cac81c61c0,"officer
americas","taters
lietzow.tim
tlietzow@acmetech.com
tlietzow",Lietzow,a.koski,Tim,+1 (800)555-1060,+1 (800)555-7024,Mr.,critical,7/31/1999 23:24,,false,San Francisco,USA,37.78N,122.41W,,$taters$;$lietzow.tim$;$tlietzow@acmetech.com$;$tlietzow$,$officer$;$americas$,$taters$;$lietzow.tim$;$tlietzow@acmetech.com$;$tlietzow$
americas,pip,bmcgown@acmetech.com,,Bryant,"bmcgown@acmetech.com
bmcgown",3e1177acf56c5452a4f0a5fbf35021a50613019a,"pip
americas","bmcgown@acmetech.com
bmcgown",Mcgown,,,+1 (800)555-7477,+1 (800)555-1337,Dr.,,4/20/77 19:44,,false,San Francisco,USA,37.78N,122.41W,,$bmcgown@acmetech.com$;$bmcgown$,$pip$;$americas$,$bmcgown@acmetech.com$;$bmcgown$
americas,,gclough@acmetech.com,646666800,Gordon,"gclough@acmetech.com
gclough",4a787cdfbaa660de0839ce433850f05798a108b7,americas,"gclough@acmetech.com
gclough",Clough,lietzow.tim,,+1 (800)555-5530,+1 (800)555-7083,,,160185780,,false,San Francisco,USA,37.78N,122.41W,,$gclough@acmetech.com$;$gclough$,,$gclough@acmetech.com$;$gclough$
americas,,egamm@acmetech.com,,Emile,"egamm@acmetech.com
egamm",ead6551c93ba3f46247ee1439e6340fc9f700f07,americas,"egamm@acmetech.com
egamm",Gamm,,,+1 (800)555-8152,+1 (800)555-4527,Mr.,low,2/1/2004 3:20,,false,San Francisco,USA,37.78N,122.41W,,$egamm@acmetech.com$;$egamm$,,$egamm@acmetech.com$;$egamm$
americas,,pfaurote@acmetech.com,,Paul,"pfaurote@acmetech.com
pfaurote",77e3ed8d31ed7aa1f94168b557da6808b22756b2,americas,"pfaurote@acmetech.com
pfaurote",Faurote,,,+1 (800)555-8822,+1 (800)555-5168,Dr.,medium,8/29/97 10:14,,false,San Francisco,USA,37.78N,122.41W,,$pfaurote@acmetech.com$;$pfaurote$,,$pfaurote@acmetech.com$;$pfaurote$
americas,sox,fglaviano@acmetech.com,,Forrest,"pineapple
fglaviano@acmetech.com
fglaviano",135c67719d7249141d2f7acab72cfef66c24d27f,"sox
americas","pineapple
fglaviano@acmetech.com
fglaviano",Glaviano,,,+1 (800)555-8904,+1 (800)555-1053,,high,877025040,,false,San Francisco,USA,37.78N,122.41W,,$pineapple$;$fglaviano@acmetech.com$;$fglaviano$,$sox$;$americas$,$pineapple$;$fglaviano@acmetech.com$;$fglaviano$
americas,,blinebaugh@acmetech.com,,Robert,"blinebaugh@acmetech.com
blinebaugh",d1060d45dd9b961eaa9d9cfa1d30a1f385a2ec1c,americas,"blinebaugh@acmetech.com
blinebaugh",Linebaugh,,Bobby,+1 (800)555-1708,+1 (800)555-9342,Mr.,critical,2/6/1998 4:55,,false,San Francisco,USA,37.78N,122.41W,,$blinebaugh@acmetech.com$;$blinebaugh$,,$blinebaugh@acmetech.com$;$blinebaugh$
americas,intern,idoiley@acmetech.com,,Ian,"idoiley@acmetech.com
idoiley",bb917f8350f13ba7986c1d33b96dfcea8a0eb4fb,"intern
americas","idoiley@acmetech.com
idoiley",Doiley,lietzow.tim,,+1 (800)555-5475,+1 (800)555-3981,Dr.,,4/30/70 13:21,,false,San Francisco,USA,37.78N,122.41W,,$idoiley@acmetech.com$;$idoiley$,$intern$;$americas$,$idoiley@acmetech.com$;$idoiley$
americas,,jnewberg@acmetech.com,,Julio,"jnewberg@acmetech.com
jnewberg",0efacdc16e7a5ff5edffc1666ce952ef6ef437d2,americas,"jnewberg@acmetech.com
jnewberg",Newberg,,,+1 (800)555-6611,+1 (800)555-6015,,,613210260,II,false,San Francisco,USA,37.78N,122.41W,,$jnewberg@acmetech.com$;$jnewberg$,,$jnewberg@acmetech.com$;$jnewberg$
americas,,wgroce@acmetech.com,,Wilfred,"wgroce@acmetech.com
wgroce",4ce86f5f1fefc1ddac0d3220922fb03891a1c7a2,americas,"wgroce@acmetech.com
wgroce",Groce,,,+1 (800)555-4409,+1 (800)555-7116,Mr.,low,8/14/1982 20:23,,false,San Francisco,USA,37.78N,122.41W,,$wgroce@acmetech.com$;$wgroce$,,$wgroce@acmetech.com$;$wgroce$
americas,"pci
cardholder",wohler@acmetech.com,,Wendell,"bakery
ohlerw
wohler@acmetech.com
wohler",b799d20269c999ed6ef7d842e447a056aeeb25c6,"pci
cardholder
watchlist
americas","bakery
ohlerw
wohler@acmetech.com
wohler",Ohler,,,+1 (800)555-7179,+1 (800)555-1374,Dr.,medium,2/10/83 23:54,,true,San Francisco,USA,37.78N,122.41W,$pci$;$cardholder$,$bakery$;$ohlerw$;$wohler@acmetech.com$;$wohler$,$pci$;$cardholder$;$watchlist$;$americas$,$bakery$;$ohlerw$;$wohler@acmetech.com$;$wohler$
americas,,smamone@acmetech.com,,Sebastian,"smamone@acmetech.com
smamone",78b8fc584e4fd2332f88eccde8bb95339dfa3876,americas,"smamone@acmetech.com
smamone",Mamone,,,+1 (800)555-6790,+1 (800)555-3276,,high,1062881580,,false,San Francisco,USA,37.78N,122.41W,,$smamone@acmetech.com$;$smamone$,,$smamone@acmetech.com$;$smamone$
americas,,htrapper@acmetech.com,3/2/1998 22:53,Hershel,"hax0r
htrapper@acmetech.com
htrapper",03ad688f8eb870d0bf7d2d01e681370edcbb0193,"watchlist
americas","hax0r
htrapper@acmetech.com
htrapper",Trapper,,,+1 (800)555-3039,+1 (800)555-3154,Mr.,critical,6/15/1993 20:07,,true,San Francisco,USA,37.78N,122.41W,,$hax0r$;$htrapper@acmetech.com$;$htrapper$,$watchlist$;$americas$,$hax0r$;$htrapper@acmetech.com$;$htrapper$
americas,,ecudan@acmetech.com,,Efrain,"ecudan@acmetech.com
ecudan",3cac80e75f229700bc0ee56d254f61d8f3765086,americas,"ecudan@acmetech.com
ecudan",Cudan,,,+1 (800)555-9049,+1 (800)555-3814,Dr.,,4/19/75 19:33,,false,San Francisco,USA,37.78N,122.41W,,$ecudan@acmetech.com$;$ecudan$,,$ecudan@acmetech.com$;$ecudan$
americas,,npernesky@acmetech.com,,Nathanael,"npernesky@acmetech.com
npernesky",852af37139416eec2a4f62cddb95e3d9317affc7,americas,"npernesky@acmetech.com
npernesky",Pernesky,,Nathan,+1 (800)555-1713,+1 (800)555-5253,,,501775740,,false,San Francisco,USA,37.78N,122.41W,,$npernesky@acmetech.com$;$npernesky$,,$npernesky@acmetech.com$;$npernesky$
americas,,lgehret@acmetech.com,8/2/1994 12:39,Long,"mud
lgehret@acmetech.com
lgehret",a4a9c28f7dfb3114eac348193480c5a035d2367c,americas,"mud
lgehret@acmetech.com
lgehret",Gehret,a.koski,,+1 (800)555-9642,+1 (800)555-2707,Mr.,low,10/8/1973 20:34,,false,San Francisco,USA,37.78N,122.41W,,$mud$;$lgehret@acmetech.com$;$lgehret$,,$mud$;$lgehret@acmetech.com$;$lgehret$
americas,"pip
contractor",rgalizia@acmetech.com,,Rocky,"rgalizia@acmetech.com
rgalizia",b0cc147dd5e49e5d3e0b7a2cdccc6639cd798aa7,"pip
contractor
watchlist
americas","rgalizia@acmetech.com
rgalizia",Galizia,,Drama,+1 (800)555-1104,+1 (800)555-1465,Dr.,medium,2/18/95 2:27,,true,San Francisco,USA,37.78N,122.41W,$pip$;$contractor$,$rgalizia@acmetech.com$;$rgalizia$,$pip$;$contractor$;$watchlist$;$americas$,$rgalizia@acmetech.com$;$rgalizia$
americas,,agasiewski@acmetech.com,,Anton,"agasiewski@acmetech.com
agasiewski",4e7a3fc1ef63d0d1705073b74b0e43da1e3656b2,americas,"agasiewski@acmetech.com
agasiewski",Gasiewski,,,+1 (800)555-3720,+1 (800)555-7601,,high,275433300,Jr.,false,San Francisco,USA,37.78N,122.41W,,$agasiewski@acmetech.com$;$agasiewski$,,$agasiewski@acmetech.com$;$agasiewski$
americas,,rfrie@acmetech.com,,Ralph,"rfrie@acmetech.com
rfrie",af20c7788208e1cfecf00454e813c4f05919fb11,americas,"rfrie@acmetech.com
rfrie",Frie,,,+1 (800)555-5147,+1 (800)555-1061,Mr.,critical,12/3/1970 10:14,Sr.,false,San Francisco,USA,37.78N,122.41W,,$rfrie@acmetech.com$;$rfrie$,,$rfrie@acmetech.com$;$rfrie$
americas,,cgoding@acmetech.com,9/22/01 8:29,Casey,"cgoding@acmetech.com
cgoding",081a7e1bce02eda1cef820ef5dde5a3b345f66f2,americas,"cgoding@acmetech.com
cgoding",Goding,,,+1 (800)555-9163,+1 (800)555-5838,Dr.,,8/18/70 6:31,III,false,San Francisco,USA,37.78N,122.41W,,$cgoding@acmetech.com$;$cgoding$,,$cgoding@acmetech.com$;$cgoding$
americas,,clejenne@acmetech.com,,Chadwick,"gamer
chaleje
clejenne@acmetech.com
clejenne",dd924eedbac1e69978fc2c06919fc40d6ce1b3d2,americas,"gamer
chaleje
clejenne@acmetech.com
clejenne",Lejenne,,Chad,+1 (800)555-6931,+1 (800)555-8217,,,1044715080,IV,false,San Francisco,USA,37.78N,122.41W,,$gamer$;$chaleje$;$clejenne@acmetech.com$;$clejenne$,,$gamer$;$chaleje$;$clejenne@acmetech.com$;$clejenne$
americas,officer,Bill_williams@acmecorp.com,,William,"Bill_williams@acmecorp.com
Bill_williams",70808a13a5735b303f7ce51cb938c6263d3f20ec,"officer
watchlist
americas","Bill_williams@acmecorp.com
Bill_williams",Williams,,Bill,+1 (800)555-1212,+1 (800)555-3814,Mr.,medium,3/8/2002 0:00,,true,San Jose,USA,37.3382N,121.8863W,,$Bill_williams@acmecorp.com$;$Bill_williams$,$officer$;$watchlist$;$americas$,$Bill_williams@acmecorp.com$;$Bill_williams$
americas,,dmsys@acmetech.com,7/20/83 1:03,Don,"dmsys
dmsys@acmetech.com",dae1036693b4aad4b76abdef991165fce29d72a0,americas,"dmsys
dmsys@acmetech.com",Meyers,,,+1 (800)555-5670,+1 (800)555-9400,Mr.,medium,10/2/75 10:55,,false,San Jose,USA,37.3382N,121.8863W,,$dmsys$;$dmsys@acmetech.com$,,$dmsys$;$dmsys@acmetech.com$
americas,contractor,capela@acmetech.com,,Chris,"capela
capela@acmetech.com",1c6e204d72391e67a1fe2aaf43749a1e6ddf0f98,"contractor
watchlist
americas","capela
capela@acmetech.com",Apela,,Chris,+1 (800)555-5670,+1 (800)555-1061,Mr,medium,607824000,,true,Stockholm,Sweden,59.3294N,18.0686E,,$capela$;$capela@acmetech.com$,$contractor$;$watchlist$;$americas$,$capela$;$capela@acmetech.com$
americas,sox,bzeier@acmetech.com,,Ben,"bzeier
bzeier@acmetech.com",1859ac58a8fa4771f24987ee0f6ba6e4b3063777,"sox
watchlist
americas","bzeier
bzeier@acmetech.com",Zeier,a.koski,Ben,+1 (800)555-5147,+1 (800)555-5838,Mr,high,6/22/1985  10:55,,true,San Jose,USA,37.3382N,121.8863W,,$bzeier$;$bzeier@acmetech.com$,$sox$;$watchlist$;$americas$,$bzeier$;$bzeier@acmetech.com$
americas,,joy_rence@bankofvulcan.com,9/22/15 8:29,Joy,"Joy
joy_rence@bankofvulcan.com
joy_rence",97d8d7ae4bf5768c52f2ada9ab6382697971aa31,americas,"Joy
joy_rence@bankofvulcan.com
joy_rence",Rence,joy_rence,Rence,+1 (800)555-6931,+1 (800)555-3814,Mr,low,2/8/03 14:38,,false,London,UK,51.507N,0.1275W,,$Joy$;$joy_rence@bankofvulcan.com$;$joy_rence$,,$Joy$;$joy_rence@bankofvulcan.com$;$joy_rence$
